# ************************************************************
# Sequel Pro SQL dump
# VersiÛn 4500
#
# http://www.sequelpro.com/
# https://github.com/sequelpro/sequelpro
#
# Host: 127.0.0.1 (MySQL 5.5.42)
# Base de datos: smarttools
# Tiempo de GeneraciÛn: 2016-09-01 03:56:18 +0000
# ************************************************************


/*!40101 SET @OLD_CHARACTER_SET_CLIENT=@@CHARACTER_SET_CLIENT */;
/*!40101 SET @OLD_CHARACTER_SET_RESULTS=@@CHARACTER_SET_RESULTS */;
/*!40101 SET @OLD_COLLATION_CONNECTION=@@COLLATION_CONNECTION */;
/*!40101 SET NAMES utf8 */;
/*!40014 SET @OLD_FOREIGN_KEY_CHECKS=@@FOREIGN_KEY_CHECKS, FOREIGN_KEY_CHECKS=0 */;
/*!40101 SET @OLD_SQL_MODE=@@SQL_MODE, SQL_MODE='NO_AUTO_VALUE_ON_ZERO' */;
/*!40111 SET @OLD_SQL_NOTES=@@SQL_NOTES, SQL_NOTES=0 */;


# Volcado de tabla administrador_empresa
# ------------------------------------------------------------

DROP TABLE IF EXISTS `administrador_empresa`;

CREATE TABLE `administrador_empresa` (
  `idadministrador` int(10) NOT NULL AUTO_INCREMENT,
  `estado` int(5) unsigned DEFAULT '0',
  `identificacion` varchar(20) DEFAULT '0',
  `nombres` varchar(50) DEFAULT '0',
  `apellidos` varchar(50) DEFAULT '0',
  `email` varchar(50) DEFAULT '0',
  `password` varchar(60) DEFAULT '0',
  `nombre_empresa` varchar(60) DEFAULT '0',
  `fecha` datetime DEFAULT NULL,
  KEY `idadministrador` (`idadministrador`),
  KEY `estado` (`estado`),
  KEY `identificacion` (`identificacion`)
) ENGINE=MyISAM DEFAULT CHARSET=latin1;

LOCK TABLES `administrador_empresa` WRITE;
/*!40000 ALTER TABLE `administrador_empresa` DISABLE KEYS */;

INSERT INTO `administrador_empresa` (`idadministrador`, `estado`, `identificacion`, `nombres`, `apellidos`, `email`, `password`, `nombre_empresa`, `fecha`)
VALUES
	(9,1,'123','sda','asda','correo@correo.com','$2a$10$7yTLVneXLcFhf8I6q7m9n.0UIN42nNINlBHmn5ZLURa8/Rx1sXzly','Empresa','2016-08-27 00:00:00'),
	(3,1,'1234','sda','asda','correo2@correo.com','$2a$10$g0bM./g.22QIhctQLXwB0.382tgHyiyzigBEPVeWiyfEWVKlSPPAy','Empresa','0000-00-00 00:00:00'),
	(4,1,'12345','sda','asda','correo3@correo.com','$2a$10$5i2ERTGETxoXnHRvcNIjw.l0Fpzt41LS67tOnvhh4WiuS2qI3UGOC','Empresa','2016-08-27 00:00:00'),
	(5,1,'11276127','Jorge','Rubiano','jorge.rubiano.udec@gmail.com','$2a$10$oSbb49KFFb4m9ov0VJSf6.hKVSobzkTlddcpdjLVaVi/FnIvWE4ey','Mi Empresa','2016-08-27 00:00:00'),
	(6,1,'561201152','Camila','Mar√≠n','camila_marin1984@hotmail.com','$2a$10$AfcJSRZBjDocyF2X.PR7JuR0kXKwJf1PbuNibeRIwUVMnlrduL3my','Pruebas','2016-08-27 00:00:00'),
	(8,1,'84042356785','Carlos','Mu√±oz','carlos@correo.com','$2a$10$CSP6kQuqhVS.TzksD5zjkebD4b11V0UodoPFBnAvEc.dU4RB4Mz/W','Carlos INC','2016-08-27 00:00:00'),
	(10,1,'123789','sda','asda','correo@hgcorreo.com','$2a$10$esDYpo1ZLBdvqyWp0d5GRe4/dgwz3zs2W.DYholKe8w0MVEfMmfmm','Empresa','2016-08-27 00:00:00'),
	(11,1,'345345345','Camilo','Medina','camilo@medina.com','$2a$10$zGBMSC3zR.qr3VJ8TLJdv.Ny.VywUhSBJyDhd6jfAXEIfmIwBxxTK','Uniandes','2016-08-28 00:00:00'),
	(12,1,'854734834','Mar√≠a','Sharapova','maria@correo.com','$2a$10$ts0uL10Eu16H96QFEd3Mv.0iPMdfDTgI7UKqgCzcT2OKnYaIjbCRW','Mar√≠a INC.','2016-08-28 00:00:00');

/*!40000 ALTER TABLE `administrador_empresa` ENABLE KEYS */;
UNLOCK TABLES;


# Volcado de tabla concursos
# ------------------------------------------------------------

DROP TABLE IF EXISTS `concursos`;

CREATE TABLE `concursos` (
  `idconcurso` int(10) NOT NULL AUTO_INCREMENT,
  `idadministrador` int(10) unsigned DEFAULT '0',
  `token_concurso` varchar(60) DEFAULT NULL,
  `estado` int(5) unsigned DEFAULT '0',
  `publicado` int(5) unsigned DEFAULT '0',
  `terminado` int(5) unsigned DEFAULT '0',
  `total_videos` int(5) unsigned DEFAULT '0',
  `videos_por_procesar` int(5) unsigned DEFAULT '0',
  `videos_procesados` int(5) unsigned DEFAULT '0',
  `nombre_concurso` varchar(200) DEFAULT '0',
  `descripcion` text,
  `banner` varchar(200) DEFAULT '0',
  `url_concurso` varchar(200) DEFAULT '0',
  `fecha_inicial` datetime DEFAULT NULL,
  `fecha_inicial_string` varchar(20) DEFAULT '0',
  `fecha_inicial_timestamp` varchar(11) DEFAULT '0',
  `fecha_final` datetime DEFAULT NULL,
  `fecha_final_string` varchar(20) DEFAULT '0',
  `fecha_final_timestamp` int(11) DEFAULT '0',
  `fecha_creacion` datetime DEFAULT NULL,
  `fecha_creacion_string` varchar(20) DEFAULT '0',
  `hora_creacion_string` varchar(20) DEFAULT '0',
  PRIMARY KEY (`idconcurso`),
  KEY `idadministrador` (`idadministrador`),
  KEY `estado` (`estado`),
  KEY `publicado` (`publicado`),
  KEY `terminado` (`terminado`),
  KEY `token_concurso` (`token_concurso`),
  KEY `url_concurso` (`url_concurso`)
) ENGINE=MyISAM DEFAULT CHARSET=latin1;

LOCK TABLES `concursos` WRITE;
/*!40000 ALTER TABLE `concursos` DISABLE KEYS */;

INSERT INTO `concursos` (`idconcurso`, `idadministrador`, `token_concurso`, `estado`, `publicado`, `terminado`, `total_videos`, `videos_por_procesar`, `videos_procesados`, `nombre_concurso`, `descripcion`, `banner`, `url_concurso`, `fecha_inicial`, `fecha_inicial_string`, `fecha_inicial_timestamp`, `fecha_final`, `fecha_final_string`, `fecha_final_timestamp`, `fecha_creacion`, `fecha_creacion_string`, `hora_creacion_string`)
VALUES
	(1,5,'56174e43-0a79-ab86-5a75-0b764997ec09',1,1,0,0,0,0,'Un nuevo concurso','<h3 style=\"margin: 15px 0px; padding: 0px; font-weight: 700; font-size: 14px; color: rgb(0, 0, 0); font-family: &quot;Open Sans&quot;, Arial, sans-serif;\">The standard Lorem Ipsum passage, used since the 1500s</h3><p style=\"margin-bottom: 15px; padding: 0px; text-align: justify; font-family: &quot;Open Sans&quot;, Arial, sans-serif;\">\"Lorem ipsum dolor sit amet, consectetur adipiscing elit, sed do eiusmod tempor incididunt ut labore et dolore magna aliqua. Ut enim ad minim veniam, quis nostrud exercitation ullamco laboris nisi ut aliquip ex ea commodo consequat. Duis aute irure dolor in reprehenderit in voluptate velit esse cillum dolore eu fugiat nulla pariatur. Excepteur sint occaecat cupidatat non proident, sunt in culpa qui officia deserunt mollit anim id est laborum.\"</p><h3 style=\"margin: 15px 0px; padding: 0px; font-weight: 700; font-size: 14px; color: rgb(0, 0, 0); font-family: &quot;Open Sans&quot;, Arial, sans-serif;\">Section 1.10.32 of \"de Finibus Bonorum et Malorum\", written by Cicero in 45 BC</h3><p style=\"margin-bottom: 15px; padding: 0px; text-align: justify; font-family: &quot;Open Sans&quot;, Arial, sans-serif;\">\"Sed ut perspiciatis unde omnis iste natus error sit voluptatem accusantium doloremque laudantium, totam rem aperiam, eaque ipsa quae ab illo inventore veritatis et quasi architecto beatae vitae dicta sunt explicabo. Nemo enim ipsam voluptatem quia voluptas sit aspernatur aut odit aut fugit, sed quia consequuntur magni dolores eos qui ratione voluptatem sequi nesciunt. Neque porro quisquam est, qui dolorem ipsum quia dolor sit amet, consectetur, adipisci velit, sed quia non numquam eius modi tempora incidunt ut labore et dolore magnam aliquam quaerat voluptatem. Ut enim ad minima veniam, quis nostrum exercitationem ullam corporis suscipit laboriosam, nisi ut aliquid ex ea commodi consequatur? Quis autem vel eum iure reprehenderit qui in ea voluptate velit esse quam nihil molestiae consequatur, vel illum qui dolorem eum fugiat quo voluptas nulla pariatur?\"</p>','21f5cfec-e8bf-7545-81ae-6d07e6af1730.png','un_nuevo_concurso','2016-09-08 00:00:00','2016-09-08','14733108000','2016-09-15 00:00:00','2016-09-15',2147483647,'2016-08-31 17:39:24','31/08/2016','05:39:24 pm'),
	(2,5,'f57f65e6-f05e-186c-4889-a7961a68f6cb',1,1,0,0,0,0,'Hago otro concurso','<p>Para las pruebas...</p>','f61ca8f7-67d7-96de-a3f5-9ac7189dac0b.jpeg','hago_otro_concurso','2016-09-07 00:00:00','2016-09-07','14732244000','2016-09-15 00:00:00','2016-09-15',2147483647,'2016-08-31 17:39:24','31/08/2016','05:39:24 pm'),
	(3,5,'f5f2f51f-10fb-314a-6e78-551f2bb6a39f',1,1,0,0,0,0,'Un nuevo concurso','<p>rter</p>','9eb5b161-e957-3e2e-8bf6-78cfa97362a6.png','gh','2016-09-07 00:00:00','2016-09-07','14732244000','2016-09-28 00:00:00','2016-09-28',2147483647,'2016-08-31 17:39:24','31/08/2016','05:39:24 pm');

/*!40000 ALTER TABLE `concursos` ENABLE KEYS */;
UNLOCK TABLES;


# Volcado de tabla concursos_videos
# ------------------------------------------------------------

DROP TABLE IF EXISTS `concursos_videos`;

CREATE TABLE `concursos_videos` (
  `idvideo` int(10) NOT NULL AUTO_INCREMENT,
  `estado` int(5) DEFAULT '0',
  `token_video` varchar(100) DEFAULT NULL,
  `idadministrador` int(10) DEFAULT NULL,
  `idconcurso` int(10) DEFAULT '0',
  `estado_video` int(5) DEFAULT '0',
  `error_conversion` int(5) DEFAULT NULL,
  `email_enviado` int(5) DEFAULT '0',
  `nombre_archivo` varchar(100) DEFAULT '0',
  `token_archivo` varchar(100) DEFAULT '0',
  `extension` varchar(50) DEFAULT '0',
  `duracion` int(11) DEFAULT NULL,
  `duracion_string` varchar(20) DEFAULT NULL,
  `titulo_video` varchar(100) DEFAULT '0',
  `nombre_usuario` varchar(200) DEFAULT '0',
  `email` varchar(100) DEFAULT '0',
  `mensaje` text,
  `fecha_publica` datetime DEFAULT NULL,
  `fecha_publica_string` varchar(20) DEFAULT NULL,
  `hora_publica` varchar(20) DEFAULT NULL,
  `fecha_publica_timestamp` int(11) DEFAULT NULL,
  `fecha_convierte` datetime DEFAULT NULL,
  `fecha_convierte_string` varchar(20) DEFAULT NULL,
  `fecha_convierte_timestamp` int(11) DEFAULT NULL,
  `fecha_envia_email` datetime DEFAULT NULL,
  `fecha_envia_email_string` varchar(20) DEFAULT NULL,
  `fecha_envia_email_timestamp` int(11) DEFAULT NULL,
  PRIMARY KEY (`idvideo`),
  KEY `estado` (`estado`),
  KEY `idconcurso` (`idconcurso`),
  KEY `estado_video` (`estado_video`),
  KEY `email_enviado` (`email_enviado`),
  KEY `idadministrador` (`idadministrador`),
  KEY `token_video` (`token_video`),
  KEY `error_conversion` (`error_conversion`)
) ENGINE=MyISAM DEFAULT CHARSET=latin1;

LOCK TABLES `concursos_videos` WRITE;
/*!40000 ALTER TABLE `concursos_videos` DISABLE KEYS */;

INSERT INTO `concursos_videos` (`idvideo`, `estado`, `token_video`, `idadministrador`, `idconcurso`, `estado_video`, `error_conversion`, `email_enviado`, `nombre_archivo`, `token_archivo`, `extension`, `duracion`, `duracion_string`, `titulo_video`, `nombre_usuario`, `email`, `mensaje`, `fecha_publica`, `fecha_publica_string`, `hora_publica`, `fecha_publica_timestamp`, `fecha_convierte`, `fecha_convierte_string`, `fecha_convierte_timestamp`, `fecha_envia_email`, `fecha_envia_email_string`, `fecha_envia_email_timestamp`)
VALUES
	(1,1,'56570db4-3319-ce83-9c58-76a0e3c3506c',5,2,3,0,0,'video_partido.flv','947d3f9b-df74-cd57-42db-d498fbb499d4','flv',223,'00:03:43.12','Veamos','Hay probelmas','cooreo@pruebas.com','sdsddfsf','2016-08-31 17:39:24','31/08/2016','05:39:24 pm',1472683164,'2016-08-31 19:15:41','31/08/2016',1472688941,NULL,NULL,NULL),
	(2,1,'4356b239-3d04-80c0-e349-c2c9e6e509fc',5,1,3,0,0,'robot.avi','5511496e-b8ab-2fad-fd24-aa954faae5fa','avi',10,'00:00:09.64','Un v√≠deo en otro formato','Se cay√≥','coee@ccc.com','Veamos','2016-08-31 17:39:24','31/08/2016','05:39:24 pm',1472683164,'2016-08-31 19:14:41','31/08/2016',1472688882,NULL,NULL,NULL),
	(3,1,'82f3ee10-cee6-0c52-f028-24932b3c05d8',5,2,3,0,0,'VideoJuego.mp4','71ce3d43-c419-2998-a543-603ba8d1ca47','mp4',76,'00:01:16.35','ds','Jorge Rubiano','qivykzfv@sharklasers.com','sdfs','2016-08-31 17:39:24','31/08/2016','05:39:24 pm',1472683164,'2016-08-31 19:15:23','31/08/2016',1472688923,NULL,NULL,NULL),
	(4,1,'c96ff5b0-e90a-21e3-e1a7-a9145cac086c',5,2,3,0,0,'video_partido.flv','d4587ad3-b315-d2d0-a6a4-ac77d2fa32de','flv',223,'00:03:43.12','eee','Jorge Rubiano','qivykzfv@sharklasers.com','fdsfs','2016-08-31 17:39:24','31/08/2016','05:39:24 pm',1472683164,'2016-08-31 19:15:41','31/08/2016',1472688941,NULL,NULL,NULL),
	(5,1,'1882141f-2610-c069-6d96-4f634cb02977',5,2,3,0,0,'robot.avi','3fe7a193-b0be-1217-4082-48d6e1b300f3','avi',10,'00:00:09.64','Un v√≠deo en otro formato','Jorge Rubiano','qivykzfv@sharklasers.com','ya','2016-08-31 17:39:24','31/08/2016','05:39:24 pm',1472683164,'2016-08-31 19:14:42','31/08/2016',1472688882,NULL,NULL,NULL),
	(6,1,'98fce8f0-e136-c949-b153-1b0a8b158876',5,1,3,0,0,'video_partido.flv','703b66c2-523c-da0d-5635-c4c3f581f98f','flv',223,'00:03:43.12','Un v√≠deo en otro formato','sds','qivykzfv@sharklasers.com','sdfsdf','2016-08-31 17:39:24','31/08/2016','05:39:24 pm',1472683164,'2016-08-31 21:13:56','31/08/2016',1472696036,NULL,NULL,NULL),
	(7,1,'eb11d22f-6add-92c9-25c4-fa9ad48fb463',5,1,3,0,0,'VideoJuego.mp4','0cf741ad-89e7-7d53-b19a-8ea6e0309bde','mp4',76,'00:01:16.35','Un v√≠deo en otro formato','Jorge Rubiano','qivykzfv@sharklasers.com','scsfd','2016-08-31 17:39:24','31/08/2016','05:39:24 pm',1472683164,'2016-08-31 19:15:20','31/08/2016',1472688920,NULL,NULL,NULL),
	(9,1,'28b675dc-d7bb-f4c6-8c6d-682d37f8f939',5,2,3,0,0,'GameIdea01.mov','8ca478b2-af2d-b48a-7f7d-276194c1bbc3','mov',8,'00:00:07.62','Mi sudoku','Juan Mart√≠nez','juan@correo.com','Est√° es la descripci√≥n del por que se desea...','2016-08-31 21:08:19','31/08/2016','09:08:19 pm',1472695699,'2016-08-31 21:13:34','31/08/2016',1472696014,NULL,NULL,NULL),
	(10,1,'5d88a531-7ac9-e5d0-c127-e7fb84fd9288',5,2,3,0,0,'VID-20151221-WA0000.mp4','bbe3121a-16dd-45f1-f9d8-7e0dfc52f9e9','mp4',171,'00:02:50.71','Desde el M√≥vil','Jorge Rubiano','camila_marin1984@hotmail.com','Para ver que pasa','2016-08-31 21:08:19','31/08/2016','09:08:19 pm',1472695699,'2016-08-31 21:18:07','31/08/2016',1472696287,NULL,NULL,NULL),
	(11,1,'76566087-8490-706e-87bc-d9b6758bbf9f',5,2,3,0,0,'VID-20151230-WA0000.mp4','4b0608e4-3e9c-917a-efa5-3eeb8ce80cff','mp4',56,'00:00:56.30','Desde el M√≥vil','Jorge Rubiano','camila_marin1984@hotmail.com','Pues','2016-08-31 21:08:19','31/08/2016','09:08:19 pm',1472695699,'2016-08-31 21:18:17','31/08/2016',1472696297,NULL,NULL,NULL),
	(12,1,'0bc7b4b5-2703-c701-d329-285d000ee51f',5,2,3,0,0,'VID-20160509-WA0000.mp4','846a0550-4cce-55fa-628d-fe3d0752d72e','mp4',185,'00:03:04.70','Un nuevo video','Juan Gabriel','ostricajh@gmail.com','Ya queda el texto','2016-08-31 21:44:47','31/08/2016','09:44:47 pm',1472697887,'2016-08-31 22:02:43','31/08/2016',1472698963,NULL,NULL,NULL),
	(13,1,'756391e7-fb8d-ccb9-d2b2-6cce4e7b78c9',5,2,3,0,0,'videoSudoku.mov','18851a5d-c8b5-c306-a7cb-d0e174d737d9','mov',18,'00:00:18.22','V√≠deo con mucho texto','Carlos Mar√≠n','carlos@correo.com','<p name=\"fbda\" id=\"fbda\" class=\"graf--p graf-after--pullquote\" style=\"margin-bottom: 0px; font-family: medium-content-serif-font, Georgia, Cambria, &quot;Times New Roman&quot;, Times, serif; font-size: 21px; line-height: 1.58; letter-spacing: -0.003em; color: rgba(0, 0, 0, 0.8);\">I know that sounds kinda cool in a B-movie sci-fi kinda way, but believe me, time-traveling spaghetti is the worst tasting kind there is!</p><p name=\"de7e\" id=\"de7e\" class=\"graf--p graf-after--p\" style=\"margin-top: 29px; margin-bottom: 0px; font-family: medium-content-serif-font, Georgia, Cambria, &quot;Times New Roman&quot;, Times, serif; font-size: 21px; line-height: 1.58; letter-spacing: -0.003em; color: rgba(0, 0, 0, 0.8);\">What the flux architecture does is enforce a strict separation and sequence, which obeys these rules every time:</p><ol class=\"postList\" style=\"margin: 29px 0px 0px; padding: 0px; list-style: none none; counter-reset: post 0; color: rgba(0, 0, 0, 0.8); font-family: -apple-system, BlinkMacSystemFont, &quot;Segoe UI&quot;, Roboto, Oxygen, Ubuntu, Cantarell, &quot;Open Sans&quot;, &quot;Helvetica Neue&quot;, sans-serif; font-size: 18px; line-height: 25.2px;\"><li name=\"fc80\" id=\"fc80\" class=\"graf--li graf-after--p\" style=\"margin-left: 30px; margin-bottom: 14px; font-family: medium-content-serif-font, Georgia, Cambria, &quot;Times New Roman&quot;, Times, serif; font-size: 21px; line-height: 1.58; letter-spacing: -0.003em;\">First, we get into a known, fixed state‚Ä¶</li><li name=\"a883\" id=\"a883\" class=\"graf--li graf-after--li\" style=\"margin-left: 30px; margin-bottom: 14px; font-family: medium-content-serif-font, Georgia, Cambria, &quot;Times New Roman&quot;, Times, serif; font-size: 21px; line-height: 1.58; letter-spacing: -0.003em;\">Then we render the view. Nothing can change the state again for this render loop.</li><li name=\"296e\" id=\"296e\" class=\"graf--li graf-after--li\" style=\"margin-left: 30px; margin-bottom: 14px; font-family: medium-content-serif-font, Georgia, Cambria, &quot;Times New Roman&quot;, Times, serif; font-size: 21px; line-height: 1.58; letter-spacing: -0.003em;\">Given the same state, the view will always render the same way.</li><li name=\"e522\" id=\"e522\" class=\"graf--li graf-after--li\" style=\"margin-left: 30px; margin-bottom: 14px; font-family: medium-content-serif-font, Georgia, Cambria, &quot;Times New Roman&quot;, Times, serif; font-size: 21px; line-height: 1.58; letter-spacing: -0.003em;\">Event listeners listen for user input and network request handlers. When they get them, actions are dispatched to the store.</li><li name=\"30ea\" id=\"30ea\" class=\"graf--li graf-after--li\" style=\"margin-left: 30px; margin-bottom: 0px; font-family: medium-content-serif-font, Georgia, Cambria, &quot;Times New Roman&quot;, Times, serif; font-size: 21px; line-height: 1.58; letter-spacing: -0.003em;\">When an action is dispatched, the state is updated to a new known state and the sequence repeats. Only dispatched actions can touch the state.</li></ol><p name=\"1fdd\" id=\"1fdd\" class=\"graf--p graf-after--li\" style=\"margin-top: 29px; margin-bottom: 0px; font-family: medium-content-serif-font, Georgia, Cambria, &quot;Times New Roman&quot;, Times, serif; font-size: 21px; line-height: 1.58; letter-spacing: -0.003em; color: rgba(0, 0, 0, 0.8);\">That‚Äôs Flux in a nutshell: A one-way data flow architecture for your UI:</p><p name=\"1fdd\" id=\"1fdd\" class=\"graf--p graf-after--li\" style=\"text-align: center; margin-top: 29px; margin-bottom: 0px; font-family: medium-content-serif-font, Georgia, Cambria, &quot;Times New Roman&quot;, Times, serif; font-size: 21px; line-height: 1.58; letter-spacing: -0.003em; color: rgba(0, 0, 0, 0.8);\"><img src=\"data:image/png;base64,iVBORw0KGgoAAAANSUhEUgAAASYAAADGCAYAAAB/9y3sAAAKpWlDQ1BJQ0MgUHJvZmlsZQAASImVlwdQFFkax1/35EQaGAEJQ845g+Q45JxMDDMwDGEYBgYVERVZVHANiIiACVkBUXBVgqwBEcXAIqiAeQdZVNR1MSAqKtvAMdze1d3V/au+6l99/fp7X79+r+rfAJCvMfn8VFgKgDReliDU240eHRNLx4kABGBAAVIAYrIy+a7Bwf4A0fz17/o4iIxGdMdopta/3/+vkmYnZLIAgIIRjmdnstIQPoPESRZfkAUAio3kNVZl8Wd4C8KyAqRBhKtmmDPHJ2c4fo67ZseEh7ojfA8APJnJFHAAIP2O5OnZLA5Sh4xG2JTH5vIQtkTYiZXEROYhI/eAYVpa+gwfQlg3/p/qcP5WM15ck8nkiHnuXWaF9+Bm8lOZa/7P5fjfSksVzs+hjgQ5SeATOjMfsmZ1Kel+YubFBwbNM5c919MMJwl9IuaZlekeO89spoffPAtTIlznmSlYeJabxQifZ0F6qLg+LzXQX1w/gSHmhEzPsHlO5Hox5jknKTxqnrO5kYHznJkS5rcwxl2cFwhDxT0nCrzE75iWudAbi7kwV1ZSuM9CD9HiftgJHp7iPC9CPJ6f5SauyU8NXug/1Vucz8wOEz+bhWyweU5m+gYv1AkWrw/gggDABKyshNUz+wq4p/PXCLicpCy6K3JKEugMHsvYkG5uamYNwMyZm/uk72mzZwmi3VjIZXQAYFeEJDkLOaYGAGefAUD9uJDTeIdsh50AnO9jCQXZc7mZrQ4wgAgkgSxQACpAA+gCI2AOrIEDcAGewBcEgXAQA1YAFkgCaUAAVoFcsBEUgmKwE+wBFeAgOALqwAlwCrSCc+ASuApugj4wAB4CERgFr8A4+AimIAjCQRSICilAqpAWZACZQ7aQE+QJ+UOhUAwUB3EgHiSEcqFNUDFUAlVAh6F66GfoLHQJug71Q/ehYWgMegd9gVEwGZaFlWFt2AS2hV1hPzgcXg5z4Aw4By6At8PlcDV8HG6BL8E34QFYBL+CJ1AARULRUGooI5Qtyh0VhIpFJaIEqDxUEaoMVY1qRLWjulF3UCLUa9RnNBZNRdPRRmgHtA86As1CZ6Dz0NvQFeg6dAu6C30HPYweR3/HUDBKGAOMPYaBicZwMKswhZgyzFFMM+YKZgAzivmIxWJpWB2sDdYHG4NNxq7FbsPuxzZhO7D92BHsBA6HU8AZ4BxxQTgmLgtXiNuHO467iLuNG8V9wpPwqnhzvBc+Fs/D5+PL8MfwF/C38c/xUwQpghbBnhBEYBPWEHYQagjthFuEUcIUUZqoQ3QkhhOTiRuJ5cRG4hXiI+J7EomkTrIjhZC4pA2kctJJ0jXSMOkzWYasT3YnLyMLydvJteQO8n3yewqFok1xocRSsijbKfWUy5QnlE8SVAljCYYEW2K9RKVEi8RtiTeSBEktSVfJFZI5kmWSpyVvSb6WIkhpS7lLMaXypCqlzkoNSU1IU6XNpIOk06S3SR+Tvi79QgYnoy3jKcOWKZA5InNZZoSKompQ3aks6iZqDfUKdVQWK6sjy5BNli2WPSHbKzsuJyNnKRcpt1quUu68nIiGomnTGLRU2g7aKdog7csi5UWuixIWbV3UuOj2okn5xfIu8gnyRfJN8gPyXxToCp4KKQq7FFoVHiuiFfUVQxRXKR5QvKL4erHsYofFrMVFi08tfqAEK+krhSqtVTqi1KM0oayi7K3MV96nfFn5tQpNxUUlWaVU5YLKmCpV1UmVq1qqelH1JV2O7kpPpZfTu+jjakpqPmpCtcNqvWpT6jrqEer56k3qjzWIGrYaiRqlGp0a45qqmgGauZoNmg+0CFq2Wklae7W6tSa1dbSjtDdrt2q/0JHXYejk6DToPNKl6DrrZuhW697Vw+rZ6qXo7dfr04f1rfST9Cv1bxnABtYGXIP9Bv2GGEM7Q55hteGQEdnI1SjbqMFo2Jhm7G+cb9xq/MZE0yTWZJdJt8l3UyvTVNMa04dmMma+Zvlm7WbvzPXNWeaV5nctKBZeFust2izeWhpYJlgesLxnRbUKsNps1Wn1zdrGWmDdaD1mo2kTZ1NlM2Qraxtsu832mh3Gzs1uvd05u8/21vZZ9qfs/3QwckhxOObwYonOkoQlNUtGHNUdmY6HHUVOdKc4p0NOImc1Z6ZztfNTFw0XtstRl+eueq7Jrsdd37iZugncmt0m3e3d17l3eKA8vD2KPHo9ZTwjPCs8n3ipe3G8GrzGva2813p3+GB8/Hx2+QwxlBksRj1j3NfGd51vlx/ZL8yvwu+pv76/wL89AA7wDdgd8ChQK5AX2BoEghhBu4MeB+sEZwT/EoINCQ6pDHkWahaaG9odRg1bGXYs7GO4W/iO8IcRuhHCiM5IychlkfWRk1EeUSVRomiT6HXRN2MUY7gxbbG42MjYo7ETSz2X7lk6usxqWeGyweU6y1cvv75CcUXqivMrJVcyV56Ow8RFxR2L+8oMYlYzJ+IZ8VXx4yx31l7WK7YLu5Q9luCYUJLwPNExsSTxBceRs5szluScVJb0muvOreC+TfZJPpg8mRKUUpsynRqV2pSGT4tLO8uT4aXwutJV0len9/MN+IV8UYZ9xp6McYGf4GgmlLk8sy1LFjE3PUJd4Q/C4Wyn7MrsT6siV51eLb2at7pnjf6arWue53jl/LQWvZa1tjNXLXdj7vA613WH86C8+LzO9RrrC9aPbvDeULeRuDFl46/5pvkl+R82RW1qL1Au2FAw8oP3Dw2FEoWCwqHNDpsPbkFv4W7p3Wqxdd/W70XsohvFpsVlxV+3sbbd+NHsx/Ifp7cnbu/dYb3jwE7sTt7OwV3Ou+pKpEtySkZ2B+xuKaWXFpV+2LNyz/Uyy7KDe4l7hXtF5f7lbfs09+3c97UiqWKg0q2yqUqpamvV5H72/tsHXA40HlQ+WHzwyyHuoXuHvQ+3VGtXlx3BHsk+8qwmsqb7J9uf6o8qHi0++q2WVyuqC63rqreprz+mdGxHA9wgbBg7vux43wmPE22NRo2Hm2hNxSfBSeHJlz/H/Tx4yu9U52nb041ntM5UNVObi1qgljUt461JraK2mLb+s75nO9sd2pt/Mf6l9pzaucrzcud3XCBeKLgwfTHn4kQHv+P1Jc6lkc6VnQ8vR1++2xXS1XvF78q1q15XL3e7dl+85njt3HX762dv2N5ovWl9s6XHqqf5V6tfm3ute1tu2dxq67Pra+9f0n/htvPtS3c87ly9y7h7cyBwoH8wYvDe0LIh0T32vRf3U++/fZD9YOrhhkeYR0WPpR6XPVF6Uv2b3m9NImvR+WGP4Z6nYU8fjrBGXv2e+fvX0YJnlGdlz1Wf178wf3FuzGus7+XSl6Ov+K+mXhf+If1H1RvdN2f+dPmzZzx6fPSt4O30u23vFd7XfrD80DkRPPHkY9rHqcmiTwqf6j7bfu7+EvXl+dSqr7iv5d/0vrV/9/v+aDpteprPFDBnrQAKCTgxEYB3tQBQYhDv0AcAUWLOE88KmvPxswT+E8/55lkhzqXWBYCIDQD4Ix7lABJaCJOR64wlCncBsIWFOP6hzEQL87laZMRZYj5NT79XBgDXDsA3wfT01P7p6W81SLP3AejImPPiM8IifyiHZGaoRyVPBP5FfwF/sgH4ne0/5AAAAZ1pVFh0WE1MOmNvbS5hZG9iZS54bXAAAAAAADx4OnhtcG1ldGEgeG1sbnM6eD0iYWRvYmU6bnM6bWV0YS8iIHg6eG1wdGs9IlhNUCBDb3JlIDUuNC4wIj4KICAgPHJkZjpSREYgeG1sbnM6cmRmPSJodHRwOi8vd3d3LnczLm9yZy8xOTk5LzAyLzIyLXJkZi1zeW50YXgtbnMjIj4KICAgICAgPHJkZjpEZXNjcmlwdGlvbiByZGY6YWJvdXQ9IiIKICAgICAgICAgICAgeG1sbnM6ZXhpZj0iaHR0cDovL25zLmFkb2JlLmNvbS9leGlmLzEuMC8iPgogICAgICAgICA8ZXhpZjpQaXhlbFhEaW1lbnNpb24+Mjk0PC9leGlmOlBpeGVsWERpbWVuc2lvbj4KICAgICAgICAgPGV4aWY6UGl4ZWxZRGltZW5zaW9uPjE5ODwvZXhpZjpQaXhlbFlEaW1lbnNpb24+CiAgICAgIDwvcmRmOkRlc2NyaXB0aW9uPgogICA8L3JkZjpSREY+CjwveDp4bXBtZXRhPgr7BQisAAA5uklEQVR4Ae19B3xVVbb+Ij2kQHovJCQQUgi9CVJVkNFxRBQd64wjdh3H5xvnP446Pp8z6tgLVh4yjgW749hQadI7JARCSAJJSEhCGunAf307OTcnN/cm9yb3wAXW+v2S0/Zee+/v7vOdtdfZe51+EyZMOEkigoAgIAg4EQIuTlQXqYogIAgIAgoBISbpCIKAIOB0CAgxOd1PIhUSBAQBISbpA4KAIOB0CAgxOd1PIhUSBAQBISbpA4KAIOB0CAgxOd1PIhUSBAQBISbpA4KAIOB0CAgxOd1PIhUSBAQBISbpA4KAIOB0CAgxOd1PIhUSBAQBISbpA4KAIOB0CAgxOd1PIhUSBAQBISbpA4KAIOB0CAgxOd1PIhUSBAQBt3MBAldXVxo5IpNCQ4Jpy9ZtVHK49FxotrRREDhjEbDJYvLy9ibv/v0Na+RAXw966PpMGuDj3qWM9IQAWnjJkC7n7Tlx37130e0Lb6b4uDhydT0nuNgeeCStIOB0CHRLTIFBwTRi9Dg67/wZamtU7ft7udFF46LJ27MraYQHetPEtLA+FZ2ZkU7vf/gRvfTqa3SoqKhPuiSzICAIGI9AVyZoL9PN3Z3SMkbQoUOF1NBQT4GBwcbXxkIJ320qJvz1RfqztVdadqQvKiSvICAInEIErBJTa2srrVqxnE6eOEEJg5MdWiV3Nxe694pUmjYigipqGum95Xld9I8eEkS3XDJUnUea/1602ZRm5qhItrCi6A8vbzSd69eP6KV7JtCSb3JpXVYHCfXjC/ijkxLa3ASW7AgCTo6A9aEc38ggJSPkFvYZTc4Io+c/yqJ3vt1PN83pSnw5B6vpmQ9304bsI5QcPaBTNXbkVdKE1FBKjPIznR+RFESpgwbSrgNHTeewMzgxQRFTVU1Np/NyIAgIAs6LgFWLycgqXzoplv7FVtJ/1h9SxYQFeNPCS9usI63c2vpWysqvovhwX+2UaVt2tJG251YSLKf9RTnqPPbX7i6juoZWdZyelkpjRo+k9LQ0+uLLrygv74Apv+wIAoKAcyNg3WIyqN4Bfh7k4+1O2QVVphJAQPYK/E4zRkaqbK6u/WhqZngnX5SHhwcNHDCQ38K5UkVlpb3qJb0gIAicRgROOTG5ubYV2dh83NTshuY2K8d0woadH7eWUESQNyXH+NOo5CDycHeh1Ts65idt3rKV/vHcC7R4yVK69poF5OPjY4NWSSIICALOgMApJ6aKmiZqbT1BKXEDTe1Pie3YN53sYaeqrpk27ilXwzlYTqt3llFTS1ef2PYdO8nFxYWSkxJ70CiXBQFBwFkQ6JaYPD29yMfXlzAs6ufST+339+nq87GnMSdOnKTlW4rpwjFRNCjCl+LCfGjuxBh7VJjSYjgH39JUfrtnbUrB8ePH6QQ78WVipQk22REEnB6Bbp3fSUNSKDwyytSICedNVTf5D99+ZTrXm50XP8mmJxeOoSUPTqHjTFTLVuTzkKzzm7cPH5lGmFyJN/2weFa9MEcV9fjSHSan+YrtJfTA1emEYeE6dnxbk9q6OoqJjqJNm7dYSyLnBQFBwIkQ6DdhwoTTNsEnjImn5lgzNTR1+JuMwObm39xIM2dMo5ycvbT4nX/KGzojQBadgoADETitxOTAdvSoKi42hkJDQyl3fx4dPdp5rlOPmSWBICAInFIEzhliOqWoSmGCgCDQJwS6dX73SbNkFgQEAUGglwgIMfUSOMkmCAgCxiEgxGQctqJZEBAEeomAEFMvgZNsgoAgYBwCQkzGYSuaBQFBoJcIdDvB0s3NjfzVQlg3qqw4QphF7ayCunp5eVEdT6Z0pLhzwDzoNZeWlhZqbGw0P93n47CwMEJbiswibaZxlAQVV4pLKC4upoqKij6XZYSCQYMGkS+vFoBUV1dTYWGhEcWclTqN6sNnIlhWiSk4JJTSM0dRc1MT4SZMy8ikI0dKaffO7YbFaeoLgMnJyWpW+p49e/qipkvemJgYio6OVhjoLx46dIgOHjyoP9XtPjpdZmYm7dq1q1tCCwoK6kKuICQQFWbAp6enO/XNDsKsqqqipKQkqjkDYmABz9LSUiors75yoNsf1oEXjerDDqziKVNllZgaGhpo47rVVFdbqyqDNXPjJ05Rx/l5uaesgrYUhMgBwcHBtHFjR0RLfT5YIeh8vRE8/dFp+0p4fn5+5M0fdejJysrKyupSzZMctA+TQqED6/5q23+TLgmd4IRGRp6enk5dT0CFkDiBgYFUUFBgKHIoA78ZHvDWpKc+bC3f2XreKjEdq2sjJK3hx3iIhGGSkV9L0cqyd4vhA4gHZGpJhgwZ0mtiAhnk5+dbUms6hxnlIMaAgACO4HtSEVlubht5w9oCMWJICBk1apTalpeXm24ILJLGk1uTbdu2WRw2+/v7U319vSInLa22jYiIIPwhvnlzc7Ma6uXl5an6aGlwg6A+Bw4coPj4eBowYIDSt2WL7WsI0VZYkRjegrBhOZrjjpsMN71GUlr52rY7HbAqoQ94lpSUqGEt9tGWw4cPayoIvzn0QJAOFqXmasBvBosN7UQ6kCSGvxoBod2DBw9WdYQ1CksFv1sTjw5g0WoSHh5OkZGRqq1HjhxRFnJPDxYtr34bGxur6t8dMfXUh/X6zoV9m53f+DgBOn21ky3ngEVj/tTDTQOfjLlvSDsPIrBF0KFBKOhQyKv9aSQDHSAdEB867qZNm2j37t3qZtf0g4BycnKUpYQ02McfbhRNEF8d55AWZWo3mHZd2+KGs2YtIV8+E+jmzZtp37596qZF3fSCGxJWG25E+H927txJlXYE0QOpJSYmKiLYvn27wiYhIUFfhNpHPUGgaJe5dKdDBfcbOFC1EUSDGxr1xEMHJKEJfls8BPbv30979+5VvwFIWRMQOMgR55AGWMfxp7u03/3YsWMKbww7UU9Yw8Bfe5hAT1RUlGorhuvACfpAHrZKamqqIn59epA1CBHDdb1Y6sP66+fivlWLyRyM5KHDCD9oSfEh80un9RidBU9M/ZMM+7jJhw8fbnrKomOic+PmhUVhi+AGgwwbNqxTcujAH2Qg30jwqYB0IHjq4mbSRKsXiANPfEvOeQzPcB4WgKXrmi7ccNb8Wlp9kBYWB9qPm1dvZaA9IFWQl0Ya+rpq5VjagpSBNYhXIzNYMWPHjlVWjaYPeVFPSwTakw7coMAPRILfCv0NpIQ6g1AhISEhCvMNGzaYfkdYbSAhbCHQg/pkZ2crSwjkg7qDmPDb4xpwBvnAqjPHHP5ApAfpab8rdA8dOlS9gIB11ZMgPUgcZYOQUO+UlBTVHvQXvVjqw/rr5+K+TcQUExvPwIbRxvVrOg0NTjdguNFADOik5oIbEkMNPF3hNMbNgnS2dCpNFzo4OhYsIb3odeCpC+LKyMhQnQ5l6q8jHzo6bizzG0CvE/t4KltLo+mwdMNjOIKbDJ0fNz/ai5vBnMTQHtz0ehIxr4O1YxAF2oWnvfbERzn4A3HodeJ3seTT60kH8mlEibpq+8AFJAVBO0EueNBogjaD+DXR2qn9DsAe+/gt9YJ0euLWruEBAbz1i701TLU0PW1RdzwAQDpoN/TBytQeVFr+7vqwluZc3PZITKHhEZSYNIS2bt5A9e2dw1mAgp8EHQtPWXNBZ8YTC9aI1kFBUnjKa53cPI/5MTouiAI6rAksExAXfBEw01EnOOH1eaAHxz2Va+2GRtm4hnZYIi4MG0AOGIoAC9xEo0eP7pQW1gL+LN2I1tqmP4/y8aQ3Lx8Wh/5mQ9lor35YpOnpSQfyacSLfY3csI9pB2g/9kGuer8W6qS1CySN315fPvIgvf430dKZtwd1RX6QmN4nhAcg2qn1Ja1N1rb4PdAX8EBE2dCH/ge/l36qB9JY68PWdJ8L57slpoDAIBqWNpx2bttM1VXOFSoEnRxDlXXr1nX5nfAExc0K/wI6wZQpU5SfAE5UdI6tW7eahgFdMutOoAzz+US6y6ZddDrcCEg7btw4RSLa0x6JtCd+d51aIw5LN4peh6nQ9h20Fe2CNahZBHBO4wmt3eRIipsTvistjbmeno5Rd5Aehs3dCdqKm95SO3rSgTpq+qEHOjQCQVtAetCBfW2IZV4X5EM6ffnQq8cCebR0lh4WyK8nPqQHMVkrE9fNRXMjoF9gH4534A//HvRDV3d92FzfuXZs1fnt6+dPw0eMpoMFB9STwsfXj0Pr+pFX+1j/dAOFJw2enJb8RXiy4UbVP5lQX1g369evt5jHvD144mF4gCEKOrH+T0sLYsR5CDobnM14yupvClzDsAr6QD4QSwSFmwdlWSMOdGoMSZAOpIPyILAC8IfzEAzn4GCGLv3Nhevm9VIZbPyHGwm6cTNBQBja0FGvQhvS4RrajLZr0p0OtAntA4GAbHEM0gC+aB/aAtzwG2I4pw3dUAaONUE7kVb/AsFS21F/CF7oaPuaDpSBFwWoBwR9DfXRfFhauu62sKKRXv9boz14A6oRHPRa68Pd6T4Xrlm1mAKDgglv4gYlJqk/DYyK8iO0ddN67fC0bGEe4wmGNym2iDYksCWtlka7AfGE0wushrVr16pTICZYJ7gZ0QFhJeENjv6mQEJYAUirOYrha4D/AjfEpEmTFMlgH3+w7iA7duxQQyd1wP/QBrx9hC8LBIfX2riBQMyw1PBmEHUF+eA8bmj9DWfp5tR027KFTmCO8iEgHJSFeuoFpADrAG/U4CyGnwuWK6Q7HagvsAWxa9MYNMJFOVpboA9vAmGZAmfN+tDqgN9NT8DIB90YQukFBIghFCxrkBzqrKWBcx91HTNmjPpd8aCz1crWl6HtQ5/2ANXaYW8f1nSdK9szMlAcTGN0Pq3Dn84fCzcoOrY1S+dU1Q31wE2q94sYUTZuLFg2IBFzAra1PEfoQHthLeGGB4EZISgDddWsQEeW4Ux92JHtcpSuM46Y0FFgOcA6MaLDOApY0SMIWENA+rA1ZDrOWx3KdSRxrj0Mmcx9R85VQ6mNINA9AtKHu8cHV606v3vOKikEAUFAEDAGASEmY3AVrYKAINAHBISY+gCeZBUEBAFjEBBiMgZX0SoICAJ9QECIqQ/gSVZBQBAwBoFu38phlrevr7+ay+HsoXWNgcexWs+PT6XcysNUVNO7sLhebh40dVAarTiwixpabYuQ4NgWnH3ahiQn0YTx43kC7ED66ONPqdCOqKSnAg1v/wDyD42ilqZGOnoI8bWMmbN1KtpiTxlWLaaBAYE0cfI0Gpw8hGd+D6Yp02ZRxohRnZYY2FOQEWljB4TQdZnTjVBtiM6EwAjy9+xvUfe46CF0weARFq9pJz1c3WhIcDS589ZZBcs4XnjuH7wspmOZiLPWNWXoEHr04YeokW/67D05VOdki9STz5tDU256kJImzaG0WfNp2i1/ocTxs5wVTofWy2oPr62pphXLvzHN7vX09KKJU6YRQqDkH2hbYuDQmvRCmaebOwX3b1u71YvspzzL21u+t1qmr4cX+Xm2xRyylqimqZ6eW/u5tctOcR6zz+N4OYq2LtApKmWlEuN5WcvWbdvpvfc/tJLi9J6uKNxHBVtXU9OxGlWRmOETKW3mPKoo2EdVJfmnt3IGl27zzO+TXJFJbEGVlpbQ/r2ODfhvbxsTAsJoSjxHqGRi8vfqT2V1bYHZKhtq6fM9HbGZovwCaRZbIZ9mr+NtJsX4B1NFfS19sGu1GgqNiUqijPB4GujFcZdaGinvaCkt37+dWk+0fQ1maHAUpYTG0t7yIpoYM5SOsxm97mAOZR3p+AhBgDfHQmdrJyGQY+64uFJp3VFVh/qWjlAslwwdRwO4npC1hXt4ONexQn9SbAolBUUqUkL+ow1tX3nJKiukDUX7VB4vV3e6Iv08tY9/n2Stpbrmzl9ogY7JccO4HB8CDhju5VeVmfIsSJ9CW0v20zBuT7R/EOVwm37mutQ2dw5HfP/v76ZIDrr25uIltGt31/jjJoVmOwN4/eLDf/kzW9QuFM+xkoqKitkSacPgjw/+P9M+lnk89fcnaNFrr9OsWTNpDIcabmpuomeee4GysrLp0kvm0swZ0ymcF0RXV9fQFo4E8eZbizlN29B10sQJNGXyebR23XqaP+9yamltoY8/+YxWrFxlqpEnryW86qr5NHrUSAoLDaMiXuz9+ptvKf1IdMN11/KK/wwKDQlWborSsrYgf6+8+hrt5eifEFh8C3/3WxrMoXMQ7uWrr7+lz7/4Ul3T/l08ZzaTcAxt2LiJrpw/T62b3Mj7Tz/zHN15+60q2RgOP7OH13Tu3buP5s6dQ59//iV9/Olnmgq7tu5e3jTz9v+hbf9eSiV72sIhu/A9kDThQgpJSCHvAUF0rLKMsn/8lI4W5Zl0YwnR44/+RR0/+NAjnRZ3mxI52Y5Vi0mrpyeb5rCWwiMi1dqkw04QwbKoppK+2ruJ4gaGqpsR+5CWdkLR6u7BP1qo7wC6eMhoOlxbpUglgsnKrX1lPnw2q/J3U9mxagr09qOpCek0J3mUidy83T1pEJfh2s+Fvt63hcknjC5JGcfkU0UVfPNDQAa4/v7OVXSCZ6UPYtJ04WUzellbmE1ufENePmwiebt3Duu74/AB2ldRTOOik5mc+tP3+7eprHpiaz7Rqs77eXjTr1InqvL0+sN8B9Kvhk2gbawL9RwVmUjzmche2/gNVTW2BVgL9vGnaQkZtJHJbmtJHs1MHE5eXJfPsjsvyEZkgkHxcexbbIuaoC+nu30Mg55/4UUVfeJvjz9G7773vmk1vkYqyI/lGIkJg+jm39xEZRyx4FnO48cRATx43RsE+/989z3KLyikKI5xdf1119Cdd9xGT/3jWXUdBJiZOVyt9n/p1UU0ckQm3Xfv3Rxn6wAd5NX8kGnTptJ4jqz5/Isv8SqBSo7/PZh/kw6vxVdff81EtpKuXnCVWl+49J/vqnwlh0vVFtbeY48+rOr/18efoAwOlXPdr69WkQ9+/GmFSoN/gYEBvKg5nRcrD6GfflpJi5cspbTUYeo6yL2BF//+7amn6bFH/qKWTz3L5PsIk/cPP/5EVbykyl4ZEB6rFhVXlRSYskYNG02hg9No5zfvUSM/oAdyGmCsFzwsEhMT1ClYtGeC9EhMCH2Cb8ud4JXcWziqAD5KcLql6XiLIhNYBxAQizVBh9xXXmyyPg5Wl5uSrirYbdrHDexf3F8Rjekk74DcvsvdStU8jILTenRUMoX7BZiICeQI66S8vs3chrViLkfar8HiMpdatnzwV9/SrMqy1BYQXkntUTrm2WGF6fVkhg+iaq7/N0xKkOI9lUyiETQ8PJ5WMPFqUlDFccmL2j6SsJstsvSweO2SaZvN8a8rOfJBVZV1TE2JdTtY0Hsgv0CFEcFpWCk4tia4Mf/25NNdLi9lUtIEq/9D2Kq5+qortVNq680Py0Wvv8ERSo9wvO4cumTuxRykL9FETBnpacrygd8IAgLUC/JBarkv4yFiXs/x48ZSIEeDuP+BP3KIknIOJ5zFEQ0G0eyLLiA9MUEHCOjeP/wXLyhvs1CQVpPNW7aqvEc4UgGsqm3bd6jF58HcJnuJyYX9iinTLlNDu4bqjpcnQbFJVH24kKqK81Wxh2u6xk1rbT1Om7e2PfB6u/Baa9Op2vZITBvWrVH+grCwCBoxehwHjdtC5fx9uTNJ9vObMEsCSwNDqRAfjr3D1pMrd1JXHk7ppbqxXpESznEsTLZA6lRaLc2u0gJlfcQHhFIhk95uPja33LS0Rm0xnCyurexQzw/MEj7GEFUvh2o6SLmynr94Y2a9Ie2rr72pz2LY/ubNbSRqXgCe7FdeMY9D58aSL4crQRwkRBHQC8hCIxfcaKWlZaa4WEi3ctVquv++e1X4FAxHf/zpJ2U56XV0tx8REa7imqMcTXJ4KHbpL+Zqh6YtCEYjJdPJ9h0t1ElzU7Mp7AnOefEIxC7hfpkx5xo6zg+wnFWdh5MY0g2/+Dry4D5QeWg/FWVtoqZ214ZWBsK2PPLXx7XDM2Lbs13HT2t89PJgYT5/jbecItnUP5PkBFsp2rBLX29vJqIFGVOoiX0UX+ZspNc3fcPDpe1sButTEfubWjuf4CN9mh8P7KR/7VxJDWzxYFi3cOxswpDrVIorm+fNxzvXs4WP4bPSSzPHjdLkJJMs/7SnTfItfKHX39+P/spvyY4dqycMe2674256g/1L5sMPhFzRC9qiH76sW7+BFt5+p/LrTDt/Ci16+UUaO2a0Pku3+25snWj+MS0h4ky5u3d9jmufhNLS6bdYrAtB/bTQLDjn4mLWyfSZLOwPY0vJPySKNn3yBp3g/qqX0txdtPKt/1VWE4Z15//mQQpNTNUnOSP3eyYmXbMAqle7E1d3+rTtHuc4PBiqmft0bKkQhmN4/f5d7jY1RINPJ4qdwr0RDLO+Y9/Qy+u/Uj6AoSH2kzcI1N2MSGytS01TA0Wa1R1tqW5q8y/Zqgfp5l48m669ZgHF9PIBdLyd/LToj/aUncgB4OCofe2NN9Xr+2qOJz50SLI9KkxpYe3Az3X7XfcQhlRwqNsqGHphiObn12Fxoh7mQ0Jb9fUlHaYHhCWl04Zlr1AzW7mWpJH7376fv6ZVi/9GRw7soajUsV2SXcXO+WsWXEn+7RFIuyRwshNWiQkfIUAUS1eY0h4eFBEVTfhseEVF5/H66WwP/EJwKqeFximHsD3PoRJ2oJ84cZLieAiGfHirNTgowq7mgBDTw+JMlgl8Xp5siTX2YvLjUW5LJDvmI5gwodeetmSXHVTTJlAXOOJHRw0mX556gPP2yiy+ga+4/DIOV2sfFlo5cHTDRzV1ymR1Y5tbO1o6S9t9HB8bQ7Ph7FCGBQRfzxg7LB1N5+TzJqlomzj29fXlt28hdgXy27BhI4eTbqIF7NtC6N1RI0dSJgcnXLlqjVbEKdnGZEygweMvoD0/fU5uHp7kGxyu/jBs0yRiyAjyaJ8yg7d2mJCJIZ+5zJ/3Kx4iX05+bJWeCdLVNm2vtScDMSw1Q4XXVSYpW0slxUV0IHev07QLjuY1Bdl0Ps+Gns1v0+A47m6ukL7ijexAX8Nvy5DPtd8YJpMW9Sp/emKGPlm3+yCQieyjuihplCIj4LSrNJ/gWNYkjcliNl+HYMiF8pAec5IWbfxaS6Z8U3ijd2X6ZOXD2nBoL/2Q1xa2dk7yaErl1/ya3DL2IjUMQzl4I4npB2sLc5TeCweP5LEm0Q88LC3S+520zKdgu+i1N+iG66+lWTNnqAm5V159rU2vqOvqjtF7HyyjO267le65+05+0XKMln30Md10w/V21Xrc2DHqTV0Nh8/F2z74md5pf/NmiyL4jZ557nn1yv8CbgN8XKtWr6EvzKYL2KKrL2kwJHPhB2/m3Gs7qdm75j+0f9136hzSwP/Uwg82F55WAj9TzuqvOqX34gireEDAv2Xt68idMjjBQbfzmPDUwnQBNKqRx9jaONkJ6u2wKrjwXYyJjXjr1lvpz9MKMNnzKExte0yd3hZoJR+mQWDKAd7Q4U3emSqY6xQUFGhycPemHRgSQgcc470NN4x+j2/MIVoqfEzOKq5sRHjxtJiGah4FmPkaUeeRPL3i4Yf+RJ8xsb759hJnbUanelm1mJAKFgAI6WwWvGnrCykBG/in1Lyj00hKqEcr+9y0CZo4PlMFwzntrVtv2wAiOXSoqLfZVT48iLXv1fVJkcGZj/MEVUystCaYZ4XJqh993LuJndb0Gnm+W4vJyIJFtyAgCAgC1hCw6vy2lkHOCwKCgCBgNAJCTEYjLPoFAUHAbgSEmOyGTDIIAoKA0QgIMRmNsOgXBAQBuxHo9q2c3dpszIAAXYjZg9Xgu7OybcwlyQQBQeBcQcBmi8nHx5d8HTSdHRPWUoel0EN/+m+6/LJLzxWspZ2CgCBgIwI2EZOPrx+NmzSFMkeNs1Ft98l27NxFTz/7PK1es1YtP+g+tVwVBASBcw0Bm4gpJTWdKsqPOHxSc2lZ53AV5xr40l5BQBCwjECPxBQTN4jqOTphdVXXAFSWVdp+FjPLexMZwPYSJKUgIAiciQh0S0z4fFPcoATK3WuMgxqLJWNiogkxmkUEAUFAENAQcI2JiXlYOzDfpg0fScVFh+hoZQXhc04DOMRuYX5HkHPz9PYel5QcVm/n5sy+kBdLhtDRo1WEFeEigoAgcG4jYNViCo+I4o8QeNKhgwWGIYRIhFi57e3tRYheaClCoGGFi2JBQBBwWgSszmOKjR+kgnbB8Q3x8/NXsZlS0jKogL8rB79TXwXzmS6YNYNuvPlWtpYc78Pqa/0kvyAgCJweBKwSE4ZwiMWkCUJRnOQwEAg2dZIjPzpCQEwFhQeFlBwBpugQBM4iBKwS0yH++IBe4hMGc5hRH4d+7BIBwVp1AfL15cm+ICAInLsIWPUxnQpIEPAeAedFBAFBQBDQI2DVYtInwn5+Xq76Mz/fm+OJ48epT0EPTkyglxe93hsVkkcQEATOYgROSwRLWEohwUF0iL9vfzo+iXMW/57SNEHgrEDAZovJka1FVAHtO/OO1Cu6BAFB4OxA4LT6mM4OCKUVgoAg4GgEhJgcjajoEwQEgT4jIMTUZwhFgSAgCDgaASEmRyMq+gQBQaDPCJwW53efay0KrCKASasjR2RSaEgwbdm6jUoOl1pNKxcEAWdFwKrFhM+D+/kP6PKH846Wgb4e9ND1mTTAx72L6vSEAFp4yZAu5x1x4p4bFlBK4iBHqHIaHffdexfdvvBmio+LI1dXee44zQ8jFbELAavE5MZxucdNnEwjRo2lzJFjTH+ubo7v7P293OiicdHk7dlVd3igN01MC7OrUbYmnjp2FIWHBNma/IxIl5mRTu9/+BG99OprPE+sb5/IPiMaLJU8KxHoygRmzdy8cR0dqzt9MZK+21RM+BOxDYH+/ftTadkR2xJLKkHASRHokZiMqLe7mwvde0UqTRsRQRU1jfTe8q7B50YPCaJbLhmqikea/1602VSVmaMi2cKKoj+8vNF0DiPMl+6ZQEu+yaV1WR035v2/v5siIyLozcVLaNfuLFN6bcfPpz89du+tlJ48mFZu3ELvfPYVlVV0hGA5b9RwumnepRTBPpuDHNhu0Xuf0ObdbRE9b716HjVxtIW3ln2uqaO4yHD68+2/pfv/9hwdrWkj9AsnT6Ar58xSOg4cKqLnl7xPe/LyTXlcXV1o0aMP0jOL36W5UyfThBHp1Mh6H3/lbdqRs8+UrqcdDLPVUJtDFosIAmcyAlaHclqj0jIyacJ5Uyk9cxT7m/y1033a3sI+o8kZYfT8R1n0zrf76aY5yV305Ryspmc+3E0bso9QcvSATtd35FXShNRQSozyM50fkRREqYMG0q4DHaSCi9G8/CWR1+T5+vqY0up3rvnFbNqWvZcee/lNGp4yhG67+grT5aT4WCat22j3vjy674lnqJCJ6ckH7qLI0GCVJrfgIF0yfQr7clxNeaZPGEutHCJGI6U550+ie65fQN+uXkd3PfYU5RwooCf+cAfn6YAeZIKy7rruKo7g4EX/u+hteuODT8nD3b7nBtYeQleVLIw2/R6yc2YiYLXn40MBiF5ZdbSSvDy9KDwymsaMm0Trfl7Z5yBxl06KpX+xlfSf9YcUamEB3rTw0jbrSIOxtr6VsvKrKD7cVztl2pYdbaTtuZUEy2l/UY46j/21u8uorqHVlA472Xv2UCUHoauqqu50XjvYmrWHln29XB1+v2Y9XTRlgnaJSWcylRwpp6ffWqrOZeUeoPGZ6XQxWzWvf/AJrd68je7/7bU0IiWZNu1qs6KmjR9FXyxfZdJxw69+QR9/+yO99+9v1bnn8gtpZGoKjctIo5+37jClw05ldQ395blFnc7ZcpCelkpjRo+k9LQ0+uLLrygv74At2SSNIOC0CFglptaWFtqze6ep4gc5PtOUabP44wSJlL2r8w1lSmTDToCfB/l4u1N2QZUpNQjIXoHfacGMBFr0eQ5bH/1oamY4Pf3Bri5qXn3tzS7n9Cd25OSaDmER+essq6iwUMpmMtJL9v58igoPUacaGpvo5y07aPqEMYqYEmOjKSY8jH5cv0ldxzAxLDiQLp05hclskkmND3/kYfLoEV2Iaf22rvU3Zepmx4M/5jCQ47HDcquorOwmpVwSBM4MBKwSk3n1EcGyouKIChZnfs2eY7f2IUxj83FTtobmzlaO6UI3Oz9uLaHfz0+l5Bh/wnQDD3cXWr3D/jk7DRx33CRmrhl3fgPZ6TonBBnhvCbL126g/7r5emVVgaAwLCznjypAPPjNJuSJRYvVcFAdtP9rYuI3l7yDvXuLtnnLVsIf5i/9+cEH6JvvltMxB4Q+Nq+fHAsCpwqBDkdHDyXinvXzG0D4gEBfpKKmiaNWnqCUuIEmNSmxHfumkz3sVNU108Y95Wo4N2NkJK3eWUZNLSe65Jp78Wy69poFhFAr9kpZRSUNM5vnlJqUQKXlHVbJOrZy8G280WkpNG3caFq+tsMhX8HDx/qGRvLz8VE+J/idtD+cd7Rs37GTXFxcKDkp0dGqRZ8gcEoRsEpMQcEh6pNNLjw88PbuT4OTh5I3v4ouO9y3V/cnOF748i3FdOGYKBoU4UtxYT40d2JMrxqN4Rx8S1P57Z61KQWzZkynKy6/jKKiIuwuAyQTHx1Js6dMVNbPvItmUHDAQCafDSZdLRwaeOXGrXTz/MsoLCiAVmzoeHuIRB9+/T1d+8uLCW/34PB2c3OlKTyMw7DP0QKr9gTHZZeJlY5GVvSdagQ6xiRmJff38aXkISnUj5/AEMTm3rcni8pKD5ultP/wxU+y6cmFY2jJg1PoOBPVshX5PCTr/Obtw0emESZXsjGirIBVL8xRBT2+dIfJab5iewk9cDVerR+ndez4drTAOb308/8oB/fvb7xGvfF65d1lXYZlIKo57ENas2U71R6r71SNdz79ivrzRx0evXshNTY184sEDzpcXkEPv/Bap3SOOqitq2PrMIo2bd7iKJWiRxA45Qh0G8ES1hLeyOENXWNjg9o6soZhTDw1x5rZj9Phb3Kkfkfpgq8oLCiQSsrLmaB7V1dYSlH8Uc+6+gbCEM8oufk3N9LMGdMoJ2cvLX7nn/KGziigRa+hCHRLTIaWLMoNQyAuNoa/bBxKufvz5NNYhqEsio1EQIjJSHRFtyAgCPQKAavO715pk0yCgCAgCDgAASEmB4AoKgQBQcCxCAgxORZP0SYICAIOQECIyQEgigpBQBBwLAJCTI7FU7SdYQgEBARQSkrnBeRnWBModVgKr5XsPA/wTGuDeX17JCYscRgwMIDCIiJVmF2z5WTm+uS4GwQi/QJp2qB0mjtkDAX3d0wImW6Kk0s2IPDbG6+j1JSULindPL0pOH4IhQ1OI1d3zy7XnenEcI5aesP1v3amKvW5Lt0Sk6+fv4rFlMGxmGJi4ymTw+wGBbXFIupzyQ5QEDsghK7LnO4ATcariPIPoqvSJ1Pz8VY6VFNBja3NxhfqpCVcftkv6Zbf/bZPtXvg/vto+rTz+6QD871GjxpJX3/bFpJGUxaSMIymL3yYUmdeQYnjL6Dptz5Cwy++llzMYqiDsM67/n7yCQzVsp6W7b+/+pomjB/Hy64iT0v5RhRqdUkKCgMhHTlSSnuzd7eVzetDYEE5i3i6ubPl0REszlnqZakeycFRdOBoKa0pbIvbZCnNuXIugNcbhgT37QEXHh7Oi8r79ttfecXl9MNPK6mu7lgn6BtqjtLad5+j2iNt60J9g8Jp0nV/UMd5G5ab0iIon19wBLlwPzydUs2BAVev/lmtCX32+ZdOZ1UcVrZVYgoOCSXE+dm/d09HYbw05QQvFD3dkhAQRlPi08iLO4QbL5u5YcQMVaXKhlr6fE/HAtsoHjrNGjyCPs1ex9tMivEPpor6Wvpg12pqYItlTFQSZYTH00AvX6pvaaQ8Jo7l+7dT64m2Ng5lMkkJjaW95UU0MWYoHT95gtYdzKGsIwdNEAR4+9L46CGUEBhObi6uVFp3VNWhvqUtCgOGbnEDQ2mAl49a96fV9ZvcLVRS2xZtM8jbjy7geob7BdCx5kbaWpJHG4s6h9TF8O9gdblq8/DwQeTNT+vVBVm0uSiXbhg5g8qOVVNSUCTn20uhPgMpzHcgfZe7jdvUsbYRAeVuuv5aKioupqeeed7UBlt3EO/pqb8/QYtee51mzZpJY0aN4tDCTfTMcy9QVla2Wks4n2/26dOmkp+vL+Xs3Uev8EcRyo60hTq+cv48Gj9uHAUFBnLfcqdnnn5SFb1i5Ur69LMv1P6ll8zlJTXTKTwsjKo5cN6WrVvpzbcWqxDGSPCnPz5AwUxq0WwdXHbpJTT1/Dar6Y233qbd7aGT3TgszTVXX0WTJk4gX47ssHPXblWPqurOS4HSGI/F/7dUlav/V1deoj+kuorD6q//wDYy9eDffPTlv+OHtKtKl8nW1PGWNgt4/fsvqv3w5OGEv21fLjHpypx7HZXu20klOVtN5zIuWkCVRQfInYeOMRnjyZ37Se7ab6hg6yqVP2LoSM6zgxLHzeQF2scpb8MPVLKn6zrInH376Kor5pn06ne8Of7X44/+RZ168KFHqKGhQX/ZKfetElP//j4c06eOgpigMIzD06HscAkVFhw47Q0pqqmkr/ZuUjf85Lhhah+VamknFK2CHkxcob4D6OIho+lwbZUilQgmK7d2q8/LzYNW5e9WN3Ugk8PUhHSakzzKRG64+Qcxqbj2c6Gv921h8gmjS1LGMflUUQWTIATl4/r7O1fRCSbuQUyaCIOiyZbi/bS7rJDTpSoMV+bvUpeONrY9pVGXBRlTFGEu272G4gaE0vmD0pgom1Q+Tc9A7rDwS4EcYXU18HV/z/7qMggtt7KEz2fRzMRM+jFvhyLIadyevM0dxOTD0SEQZlhbmK3ptnWLPpCYMIhu/s1NimyefeFFRUBa3KlfzL2YfvXLS+n9D5bR/rw8+jWHm3n04T/TbXfeo6IefL/8B9qwYSNdxmmCg4Lo9TffUkVXt8dGxwEI7Z/vvkf5BYUUFRlJ1193Dd15x2301D+eVWn/752lKh7W/ff9njZu2kw/rVihzh8u7VjEfcdtC2lIcjIt/ee/VOC8+fMup9tuvYUef+LvKi3++fn5KodxyeEOfEwXzXbcvbwJpFSwZaW60tJUTzu/eU/5niYsuJNyf/6G6irbYoEdb22LswXy8gvpHNHCNyiMjhbnd9IOvb5sdZ3kvpu79ltqbjhG3v4BKg10BMclq1HKru8/pJD4oZR58a+ppqyIjrWXpykr4SCHwcFBHAnEuwvxIKoFfneIM414tLpb2lolJk9eEe/FP0hCYhIV5h8gb37yJCQNUTdXQX7XjwdYUm7UuabjLYpMYIVAYC1YExcmjX3lxbSh3QKB1aHJqoL2ISqfqGKi8C/ur4hGu44tyO273K1UzZ2xiH1Do6OSlWWjEROsoRUHdlF5fY3KBqtNL8hHbDzBQgNdmdc1OSiKfPlpuWTbj1TDaVE/WDsjIxI7ERN0or0vrPtCEaC+DOzvOXJI+a9ATFlMhJ5MuhPYytMLTP7N/BHMw338CCYsj789+bRetdqffeEFtPrntfTxp5+pY0Q6eJatoszhGerjmxUc3wp/NVwPfM3lQH5BFx1LmZQ0OcykEcIfgbj6qiu1U3SIP+YAwUcgKjnss7kODPGmTT2fHvnr/6gykfY5fETi5RcUGdXW1uGUigWPLW7onmTo1F8yEZRRUVZbZNKTHFoGwzw3Dy+Vte5omWnY15MuS9e9BwTSD688xOTUNZ6Ym4cnZf3wMWF4WcWkFj/yfBoQHtOVmNoJFpbkvtz9nYrBwnP87hCExjkTxCox4ekPctq5fYuK+43GINJAVEwcnW5ishfY/ZWWOx8IYFJsCoX4DOAhkgdbPv3Itd0818qobqxXpITjE3SSCaxOpdWu7yotYCtlOMUHhFIhk8puPja33LS0lrYYCtY2NShS0q4X11byMHOwdmjaFlSVWSQlJMDwUxuCtiAmEx+DVLnKpBiRN9l7cviGfRzJ+ySbLYRUgTUVzmGFP/28bUiGAgrY6mnkiJ8RTBa2Cp7sV/KQJC4uVg3DMCxzb48EaouOQfFx6uF5z113mpKjbtAxZvQo+uHHFep8Y/twxov7OI8ZTWnNd+JGTKbQhFRa96/nLRKHefreHFcU7LWqG4SEPwiIq766Qg37zMvBvQlpsBCAsLGx0SG/u3mZRh5bJaYWjlSJoGNVVW2goBLYx7SBM0lO8NBHs2709fZmIsIQCtbUlzkb6WhDHQ0OjKCLkkfqk/HN3trpGAfcz03y44GdtKf8EKWFxilrC0O7xVuWU22zbeN4DPs0QtGUNrNFaE6QuHakG8sQ1xGepk20bVtdO47aL/dxk19Y2EUDhgj4w02gCZ7OLex7ceWQL7aIv78f/fXhh2j9hk30LPutiotLaOzYMXQ7D8NsFRAQyr3rnt93yVLf0BErC3429O+IiDA6XGo5JDN8REmTZtOmj1+jY2wV9VX6mT30NH21Zj4t7Ty2x9nS7iz8a+o7YPvFiIhwFTPNlqFpZ33OeeRirVrwL6GjweTWBPstbEI7ixznjoWhmt6nY2vd4Jfx4Ne/cBBjiAafDl7p90bgxP5u/zZ6ef1XihyGhtgenbKGrSVYTbDYNInkeqghoHbCQdvYmBgVZhjhhh0tIIOj/DWa5OQkk2rcLHhzduRIx/AZFzG08OSAeeaSmJCgfCSvvfGmsu4w9Bw6JNk8mTrGSxhl7ZhdxdeH4aT39PQkDDn1f83NHXHWsV9aVmbVmguKTaL0C6+i7f9+Rw2hzIppq0O7T9PNwjyn49yfPDFXrZ1EMC9Kc55b0tXXc7BKQUrWhmpX8YuHaxZcSf59fJPZ13ramt8qMVVUlKunX3zCYMLnwjGnKSQ0nMrL+/7ksLVyPaWDXwhv5WCtwAGtM2R6ykol7EBHmN84HoIhH95oDQ7q7KzsSQkIMT0sTr2NQ1r4gODbsWeO0r6KYmrhuU2wtDyZKBMCwpXDPbus481fT/Ww9XokEwXCDM+cPs3WLHalW7FyNY0fO5bSUlMJ1s/8efOotraWtm7b3kkPLJRkdk4nDR6sSARDLci+3Fx1Y2HCIM6NHzeWxowZ3SmvdoCbEEMzvL3DA1QTfLpqN78hvHXh7zj2eRtJ+rB/9OI5s9WbQC0dtqvXrKVRI0foT6l9v9AoGnHJjerNWAM/dHyDw9Wft39gp7Qn2NHdWFdDkSkj+W1af65zRz3q2CcFpzmsLviJEsfOgEnbKb8jD0aPGkFrfl5nVeX8eb/iIfLlPEm6b1MsrBbg4AtWh3IAcfuWjZQxYhRNmTqTJ5e5UiWTVafpAw6ujL3q4GheU5Ct3mLN5rdpcCy/veV7m9Q08nAJb7eQz7XfGCaTFlpbuIemJ2bYlB+JQEwT2Ud1UdIoRUYYSu0qze/itO5OISy1L/Zs4HqMJkwDcOWbLJunI5hPF+hOh7Nce//DZWqS3+OPPULNbFnXsx/nyaef6TS8Q11/+mkFjcgcTnhjB9L4jP1Sb779f2o+0Xv8Ru+O226le+6+kz9Nf4yWffQx3XTD9V2aiDd/d915G734/DNqWstjjz9BGza2OadR5l14k/f3/2WddaoMkN5333fuG/gG36JXXmCrKYytjY7hHKwld/bZ4BU9/jQpZ1/QxmWvaodqm7X8Ixp6/i8oOm2cuke+feGPdJynUFQfLqQDm1dQ+gVXqreghdt/dshwsFPh7QfRUVH8FjKJ/s7ttiRebD2CvPGb4MXDmSA2BYrz4leQMJ3RsLNNYGf5sZndl6FTfzblMdnzaD2/8bHHbNOByR/3ZourP9Vzp2624NfSJXX6XV9+5Y/X/rCMOvxetlcbQ7EgDmVcVtY2/8n2nJ1T4tU59Bzlz2lZ+5zVzTfdoOr4BhOjEaK9uWvl+WlGycLf/Ua9ZFi8ZKnFIkbyQ+Dhh/5En33xJT8AllhM42wnbSImZ6u01EcQcBQCsCYG8AJY+JvOVMFwFv49TKGwJFdfNZ8wlePOe+5TPjdLaZztnBCTs/0iUh9BQBCgDm+dgCEICAKCgJMgIMTkJD+EVEMQEAQ6EBBi6sBC9gQBQcBJEBBicpIfQqohCAgCHQhYn8fUkcbheylDh1BcbCwdPHRITYZzeAGiUBAQBM5oBKwSExbwevCMVXPB+qJjdZ1X0Jun6ekY65kQp/hGDgf6wbKP6aNP2laj95RPrgsCgsC5gYDV6QKDONxJNEcS0AuWphzjmbQb1q7Sn+71/p0cNwdhLR565LFe65CMgoAgcPYhYNViOrB/H+FPL5POn06HS9ri4ejP93Yfk9riOUyFiCAgCAgCegRsdn4HBYeoeEwlxYf0+fu0j+UKvYkM0KdCJbMgIAg4PQI2E1NkdCyHryhzaNgThKSIiYkmT44tLiIICAKCgIaAa0xMzMPagbUtPkqQkppB+/flUD3HaXKUIKwp3s7NmX0hhYaGqMWWNRwmQ0QQEATObQRsspjCI6OptaVFfcrJkXA1cZTMaraavL29VPwed3erLi9HFiu6BAFBwMkRsIkJIqNjSPmWHBzoCvOZLpg1g268+Va1OtrJsZLqCQKCwClCoEeLaWBAIPn6+lFxkeOc3lrbQEwFhQeFlDRAZCsICAIKgR6JKYqd3tX8EYK+Tqq0hDcCgrW2dg32bymtnBMEBIFzB4FuicmVP50TGh5BJQZYS4A4JjqaEHBeRBAQBAQBPQLd+piOszXz43f/0ad3yP7E8eMIn4IenJhALy963SE6RYkgIAicPQhYXZJiZBNhKYXw54wPFRWbvmtvZHmiWxAQBM4sBLq1mIxqCqIK4E9EEBAEBAFLCHTrY7KUQc4JAoKAIGA0AkJMRiMs+gUBQcBuBISY7IZMMggCgoDRCAgxGY2w6BcEBAG7ERBishsyySAICAJGIyDEZDTCol8QEATsRkCIyW7IJIMgIAgYjYAQk9EIi35BQBCwGwEhJrshkwyCgCBgNAJCTEYjLPoFAUHAbgSEmOyGTDIIAoKA0QgIMRmNsOgXBAQBuxEQYrIbMskgCAgCRiMgxGQ0wqJfEBAE7EZAiMluyCSDICAIGI2AEJPRCIt+QUAQsBsBISa7IZMMgoAgYDQCQkxGIyz6BQFBwG4EhJjshkwyCAKCgNEICDEZjbDoFwQEAbsREGKyGzLJIAgIAkYjIMRkNMKiXxAQBOxGQIjJbsgkgyAgCBiNgBCT0QiLfkFAELAbASEmuyGTDIKAIGA0AkJMRiMs+gUBQcBuBISY7IZMMggCgoDRCAgxGY2w6BcEBAG7ERBishsyySAICAJGIyDEZDTCol8QEATsRkCIyW7IJIMgIAgYjYAQk9EIi35BQBCwGwEhJrshkwyCgCBgNAJCTEYjLPoFAUHAbgSEmOyGTDIIAoKA0QgIMRmNsOgXBAQBuxEQYrIbMskgCAgCRiMgxGQ0wqJfEBAE7EZAiMluyCSDICAIGI2AEJPRCIt+QUAQsBsBISa7IZMMgoAgYDQCQkxGIyz6BQFBwG4EhJjshkwyCAKCgNEICDEZjbDoFwQEAbsREGKyGzLJIAgIAkYjIMRkNMKiXxAQBOxGQIjJbsgkgyAgCBiNgBCT0QiLfkFAELAbASEmuyGTDIKAIGA0AkJMRiMs+gUBQcBuBISY7IZMMggCgoDRCAgxGY2w6BcEBAG7ERBishsyySAICAJGI/D/AXTR31hvaJe/AAAAAElFTkSuQmCC\" data-filename=\"Captura de pantalla 2016-04-17 a las 7.36.14 p.m..png\" style=\"width: 294px;\"><br></p>','2016-08-31 22:12:42','31/08/2016','10:12:42 pm',1472699562,'2016-08-31 22:15:10','31/08/2016',1472699710,NULL,NULL,NULL),
	(14,1,'12f6754c-33df-6417-5a27-824b9707f2da',5,2,3,0,0,'planetasCardBoard.mov','7af773c5-be7a-5445-480d-9ac572782a24','mov',14,'00:00:13.95','Desde otro equipo','Jorge Mac','mac@correo.com','Veamos que pasa al subir el archivo desde otro equipo.','2016-08-31 22:17:01','31/08/2016','10:17:01 pm',1472699821,'2016-08-31 22:23:57','31/08/2016',1472700237,NULL,NULL,NULL),
	(15,1,'45f80c00-3b40-f8cd-0662-ce8fdd3336bd',5,2,3,0,0,'VID-20160409-WA0000.mp4','d25b6ba2-c57b-9a76-d908-9bee4ff99de4','mp4',48,'00:00:48.00','Para otra prueba','Juan Gabriel','camila_marin1984@hotmail.com','S√≥lo otra prueba','2016-08-31 22:26:05','31/08/2016','10:26:05 pm',1472700365,'2016-08-31 22:31:11','31/08/2016',1472700671,NULL,NULL,NULL),
	(16,1,'79097d27-920e-b872-952a-c6cacfd5c236',5,2,3,0,0,'videoClases.mov','4e30c3eb-867c-e72e-0ec3-e964a5071337','mov',28,'00:00:27.72','Otra prueba','Juan','correo@correo.com','Un texto sencillo...','2016-08-31 22:29:18','31/08/2016','10:29:18 pm',1472700558,'2016-08-31 22:31:24','31/08/2016',1472700684,NULL,NULL,NULL),
	(17,1,'a9405f94-b828-2b7b-8384-a6ae56f2b5d7',5,2,3,0,0,'VID-20160416-WA0000.mp4','b1a2e193-5008-d17f-d496-9616bbf08a6a','mp4',72,'00:01:11.65','Para otra prueba 02','Jorge Rubiano','camila_marin1984@hotmail.com','Ya casi','2016-08-31 22:33:30','31/08/2016','10:33:30 pm',1472700810,'2016-08-31 22:37:12','31/08/2016',1472701032,NULL,NULL,NULL),
	(18,1,'acda075b-3aa8-2636-3f57-0be5cbd349ef',5,1,3,0,0,'Piano stairs  - TheFunTheory.com - Rolighetsteorin.se.mp4','044d191d-b9a5-e9ce-fd96-3ac6aad888fb','mp4',107,'00:01:47.30','Para seguir viendo','Mar√≠a Sharapova','maria@correo.com','Listo el mensaje','2016-08-31 22:33:30','31/08/2016','10:33:30 pm',1472700810,'2016-08-31 22:37:19','31/08/2016',1472701039,NULL,NULL,NULL),
	(19,1,'fb673f4c-3fd2-e9a6-dae2-196336c29a58',5,1,3,0,0,'screen.mov','56c53afd-9e95-f240-c320-da65ab1436ad','mov',39,'00:00:39.17','Otro v√≠deo de pruebas','Ximena','ximena@correo.com','Veamos como funciona!','2016-08-31 22:33:30','31/08/2016','10:33:30 pm',1472700810,'2016-08-31 22:40:54','31/08/2016',1472701254,NULL,NULL,NULL),
	(20,1,'516a274c-c10e-d2d3-7dc6-6914c132cc64',5,2,3,0,0,'VID-20151231-WA0000.mp4','70e0eab6-bd41-5880-3b11-1fa75402ad91','mp4',19,'00:00:18.55','Vee','Jorge Rubiano','camila_marin1984@hotmail.com','','2016-08-31 22:33:30','31/08/2016','10:33:30 pm',1472700810,'2016-08-31 22:45:05','31/08/2016',1472701505,NULL,NULL,NULL),
	(21,1,'64963d58-877c-3028-c676-97f3f3036717',5,1,3,0,0,'S7300187.AVI','601eb91f-1fc3-2ab8-b3cd-5bd62b6b033e','avi',33,'00:00:33.10','Para un tecer video','Ya casi','maria@correo.com','El mensaje','2016-08-31 22:33:30','31/08/2016','10:33:30 pm',1472700810,'2016-08-31 22:45:25','31/08/2016',1472701525,NULL,NULL,NULL),
	(22,1,'96485360-3c98-b040-4c2b-acf7f116cb09',5,3,3,0,0,'VID-20160519-WA0000.mp4','d8bdeb92-605c-d057-69e4-114980803bc1','mp4',235,'00:03:55.40','Para otra prueba','Jorge Rubiano','camila_marin1984@hotmail.com','Ya','2016-08-31 22:33:30','31/08/2016','10:33:30 pm',1472700810,'2016-08-31 22:49:18','31/08/2016',1472701758,NULL,NULL,NULL);

/*!40000 ALTER TABLE `concursos_videos` ENABLE KEYS */;
UNLOCK TABLES;


# Volcado de tabla estado_video
# ------------------------------------------------------------

DROP TABLE IF EXISTS `estado_video`;

CREATE TABLE `estado_video` (
  `idestado` int(10) NOT NULL AUTO_INCREMENT,
  `estado` int(5) DEFAULT '0',
  `estado_video` int(5) DEFAULT '0',
  `nombre_estado` varchar(100) DEFAULT '0',
  `fecha` datetime DEFAULT NULL,
  PRIMARY KEY (`idestado`),
  KEY `estado` (`estado`),
  KEY `estado_video` (`estado_video`)
) ENGINE=MyISAM DEFAULT CHARSET=latin1;

LOCK TABLES `estado_video` WRITE;
/*!40000 ALTER TABLE `estado_video` DISABLE KEYS */;

INSERT INTO `estado_video` (`idestado`, `estado`, `estado_video`, `nombre_estado`, `fecha`)
VALUES
	(1,1,1,'En cola','2016-08-26 18:35:43'),
	(2,1,2,'En proceso','2016-08-26 18:35:59'),
	(3,1,3,'Procesado','2016-08-26 18:36:12');

/*!40000 ALTER TABLE `estado_video` ENABLE KEYS */;
UNLOCK TABLES;



/*!40111 SET SQL_NOTES=@OLD_SQL_NOTES */;
/*!40101 SET SQL_MODE=@OLD_SQL_MODE */;
/*!40014 SET FOREIGN_KEY_CHECKS=@OLD_FOREIGN_KEY_CHECKS */;
/*!40101 SET CHARACTER_SET_CLIENT=@OLD_CHARACTER_SET_CLIENT */;
/*!40101 SET CHARACTER_SET_RESULTS=@OLD_CHARACTER_SET_RESULTS */;
/*!40101 SET COLLATION_CONNECTION=@OLD_COLLATION_CONNECTION */;
